<?xml version="1.0" encoding="UTF-8"?>
<project-private xmlns="http://www.netbeans.org/ns/project-private/1">
    <editor-bookmarks xmlns="http://www.netbeans.org/ns/editor-bookmarks/2" lastBookmarkId="0"/>
    <open-files xmlns="http://www.netbeans.org/ns/projectui-open-files/2">
        <group>
            <file>file:/C:/Users/PADHMA%20VATHI/Documents/NetBeansProjects/LMS_College/src/lms_college/AfterLoginStudent.java</file>
            <file>file:/C:/Users/PADHMA%20VATHI/Documents/NetBeansProjects/LMS_College/src/lms_college/Update_profile.java</file>
            <file>file:/C:/Users/PADHMA%20VATHI/Documents/NetBeansProjects/LMS_College/src/lms_college/profile.java</file>
            <file>file:/C:/Users/PADHMA%20VATHI/Documents/NetBeansProjects/LMS_College/src/lms_college/ForgetPassword.java</file>
            <file>file:/C:/Users/PADHMA%20VATHI/Documents/NetBeansProjects/LMS_College/src/lms_college/Insert.java</file>
            <file>file:/C:/Users/PADHMA%20VATHI/Documents/NetBeansProjects/LMS_College/src/lms_college/LoginPage.java</file>
        </group>
    </open-files>
</project-private>
